partido;votos
#BRANCO#;115126.0
#NULO#;81468.0
AGIR;20766.0
AVANTE;34737.0
CIDADANIA;29389.0
DC;43561.0
MDB;44088.0
MOBILIZA;32720.0
NOVO;69706.0
PC do B;17684.0
PCB;741.0
PCO;280.0
PDT;35180.0
PL;157666.0
PMB;28910.0
PODE;80455.0
PP;73613.0
PRD;57867.0
PRTB;2079.0
PSB;17640.0
PSD;92111.0
PSDB;8930.0
PSOL;61369.0
PSTU;2189.0
PT;95367.0
PV;21092.0
REDE;13833.0
REPUBLICANOS;70742.0
SOLIDARIEDADE;51391.0
UNIÃO;42282.0
UP;3811.0
